rsID,SNP,CHR,BP,gene,feature,p.fGLU,Z.fGLU,p.fINSULIN,Z.fINSULIN,p.HDL,Z.HDL,p.LDL,Z.LDL,p.TG,Z.TG,p.SBP,Z.SBP,p.WHR,Z.WHR,p.BMI,Z.BMI,p.PC1,p.PC2,p.PC3,p.PC4,p.PC5,p.PC6,p.PC7,p.PC8,p.PCLC,p.PCFisher,p.PCMinP,p.WI,p.Wald,p.VC,p.tates,p.PCAQ,p.PCO
rs8179228,CHR2:27737637:G:A,2,27737637,GCKR,intron[NM_001486.2],0.003318,-2.903759924,0.0002161,-3.60281988,0.04174,2.092843129,0.03472,2.785038577,5.99E-08,5.26480443,0.534329049,-0.615299715,0.96,-0.0488542,0.7542,0.296096728,0.43661667,0.000189726,0.000503592,0.902403556,0.050638794,0.858395683,0.314431168,2.33E-08,6.31E-09,3.92E-10,1.86E-07,3.28E-07,1.36E-10,1.34E-11,3.36E-05,2.43E-11,3.75E-11
rs9394279,CHR6:35138373:G:A,6,35138373,NA,NA,0.5022,-0.645279983,0.002623,2.793539851,2.92E-05,-4.640652156,0.02961,-2.544025623,0.6462,-0.55203206,0.226940902,1.196393178,0.16,1.375893785,0.1561,-1.37566387,0.117778971,0.096886236,0.442180826,0.019353261,0.009520491,0.001446362,0.856454098,0.000575312,1.40E-08,2.36E-06,0.004593235,0.000133662,3.18E-06,1.71E-06,0.000423216,2.48E-06,2.98E-08
rs9287442,CHR2:136522710:A:G,2,136522710,UBXD2,intron[NM_014607.3],0.9043,-0.104639997,0.00635,-2.646080269,0.003171,3.160852362,6.87E-06,4.509110076,0.8653,0.089098581,0.166093709,-1.371247303,0.38,-0.859833913,0.0002389,-3.505241706,0.09363905,0.524866894,1.72E-05,0.000322404,0.032581114,0.667103365,0.061838699,0.231216724,4.52E-08,4.84E-07,0.000137333,5.64E-06,4.98E-07,8.19E-06,0.000461325,5.11E-07,9.41E-08
rs2849049,CHR9:15301428:C:A,9,15301428,C9orf52,intron[NM_152574.1],0.8518,-0.17598545,0.6301,0.448054768,1.48E-07,-5.682431212,0.009767,-2.617517459,0.02913,-2.195389037,0.348331569,0.928606867,0.44,-0.759954216,0.2914,0.98300126,0.45135525,0.60664625,0.002182404,0.02241887,0.264606118,0.030072141,0.411561739,1.50E-07,2.99E-07,6.51E-08,1.20E-06,7.85E-05,4.77E-08,8.31E-10,6.00E-06,8.31E-10,1.65E-09
rs7233365,CHR18:47175467:T:C,18,47175467,NA,NA,0.3334,0.935655975,0.1868,1.267799013,5.80E-07,-5.531491633,0.02254,-2.191127659,0.1079,-1.850951167,0.336145067,0.952350589,0.8,-0.244270998,0.6134,-0.477044729,0.28230957,0.354128117,0.01397941,0.151273064,0.172193511,0.015969844,0.167233505,3.06E-07,4.73E-07,2.14E-07,2.45E-06,0.000221658,2.48E-07,4.14E-09,1.17E-05,4.25E-09,8.23E-09
rs3132610,CHR6:30544401:A:G,6,30544401,ABCF1,intron[NM_001090.2],0.04349,-2.008890513,0.4109,-0.793478188,3.60E-06,4.972127311,0.07024,2.121934154,1.42E-07,5.116526515,0.322013691,0.980591306,0.009,2.617189265,0.8641,-0.152654313,0.354290936,0.788761416,1.17E-05,0.381731712,0.233597188,0.085285226,0.225072761,5.70E-13,1.01E-06,3.85E-13,4.56E-12,1.44E-07,8.89E-14,4.00E-17,6.20E-05,0,0
rs9483788,CHR6:135435501:T:C,6,135435501,NA,NA,0.3586,0.889439977,0.1705,-1.326931429,4.02E-05,4.276029487,0.0003351,4.286496449,0.5188,0.551473323,0.477446149,0.703429159,0.00026,-3.507480998,0.1763,1.308465543,0.306030943,0.380194425,0.701858709,0.002400358,9.92E-08,0.079251655,0.25028971,0.017836128,1.40E-06,6.75E-08,7.94E-07,3.88E-06,4.91E-08,2.51E-06,0.000781261,5.38E-08,1.13E-07
rs11717195,CHR3:123082398:T:C,3,123082398,ADCY5,intron[NM_183357.1],2.68E-07,4.963692177,0.1198,-1.491427061,0.000477,3.468361978,0.03773,2.60821073,0.4521,-0.773375683,0.504902142,-0.660238547,0.26,1.096240577,0.0001335,-3.610068221,0.217522005,0.001285955,0.035979074,0.000189672,0.28945637,0.002280159,0.000106499,0.340124488,1.78E-06,1.18E-09,0.000851677,1.69E-07,2.18E-09,4.71E-08,8.51E-06,2.18E-09,2.33E-09
rs4938349,CHR11:117021923:C:T,11,117021923,PAFAH1B2,intron[NM_002572.2],0.4554,0.725939981,0.3552,-0.90070497,0.006753,2.33237972,0.06764,2.006171856,6.80E-08,5.667342196,0.871834892,-0.159741166,0.35,-0.918458953,0.5699,0.542096283,0.109371951,0.399187377,0.432729853,0.095570705,0.023860939,0.731262466,0.439415124,9.52E-10,2.87E-06,1.13E-07,7.62E-09,0.000155723,4.26E-08,8.90E-11,5.86E-06,1.12E-10,2.11E-10
rs8321,CHR6:30032522:A:C,6,30032522,ZNRD1,utr-3[NM_014596.4],0.1119,-1.555585673,0.2959,-1.00443047,1.69E-05,4.474914579,0.1914,1.591450615,1.05E-06,4.735816104,0.31949846,0.985696772,0.11,1.553723726,0.3868,-0.830411195,0.621057945,0.913305279,0.000208076,0.573924205,0.148585015,0.421665012,0.674119917,1.71E-11,3.05E-06,1.25E-09,1.37E-10,1.28E-05,1.50E-10,9.30E-14,0.000277996,9.44E-14,1.82E-13
rs4804833,CHR19:7970635:A:G,19,7970635,MAP2K7,intron[NM_145185.2],0.4642,0.719026267,6.69E-05,3.993273266,9.89E-08,-5.783369135,0.3047,1.334295485,9.90E-06,4.072527574,0.082781849,1.717708625,0.2,1.248496213,0.1467,1.387766485,3.25E-08,0.333169176,0.335315169,0.541875638,0.806226336,0.033690374,0.315246577,0.115210309,2.61E-05,5.31E-06,2.60E-07,1.07E-08,2.22E-06,0.001064817,3.81E-06,1.32E-08,2.08E-08
rs5754352,CHR22:21964951:C:T,22,21964951,UBE2L3,intron[NM_003347.2],0.0521,-1.884896793,0.9093,-0.12063013,6.57E-08,5.33674998,0.03332,2.127034957,0.009108,2.638526115,0.287907073,1.052268705,0.57,-0.55559678,0.000593,-3.277089879,0.211599511,0.373982175,2.42E-05,0.360861648,0.020544426,0.212180107,0.271669812,1.09E-07,3.69E-05,2.04E-09,8.74E-07,4.28E-06,1.54E-09,7.13E-11,2.69E-05,7.13E-11,1.40E-10
rs11039627,CHR11:48293931:C:T,11,48293931,NA,NA,0.0241,2.177819943,0.9933,0,1.04E-07,5.147614157,0.3639,0.994656635,0.02846,2.207484844,0.364471475,0.897959063,0.18,1.284167533,0.09059,-1.631185203,0.670785471,0.007402847,0.051077645,0.283427151,0.186864751,0.033223243,0.570954083,3.76E-07,3.81E-05,5.33E-07,3.01E-06,0.000172842,4.16E-07,1.26E-08,5.89E-05,1.91E-08,3.09E-08
rs12756081,CHR1:63337334:G:A,1,63337334,NA,NA,0.3534,0.907424976,0.8909,0.142969043,0.3436,-1.65737577,0.002253,-3.55781027,7.30E-08,-5.520320595,0.115923483,1.556654985,0.89,-0.136337301,0.2797,-1.031448063,0.022656254,0.048267898,0.031220256,0.021635192,0.294310097,0.590126426,0.400591794,3.40E-07,4.34E-05,1.41E-07,2.72E-06,5.47E-06,1.46E-07,1.07E-08,1.12E-05,1.49E-08,2.68E-08
rs833514,CHR18:46534938:G:A,18,46534938,NA,NA,0.3386,-0.919523976,0.5146,-0.625489563,8.55E-06,4.71357669,0.2925,1.049915336,0.2292,2.382750624,0.268699063,-1.095185322,0.47,0.71060654,0.5238,-0.610617253,0.431909749,0.786089327,0.014460031,0.277992507,0.849051799,0.211447424,0.386943729,1.24E-07,4.44E-05,2.03E-05,9.94E-07,0.002951982,7.07E-06,4.82E-08,0.000322327,6.19E-08,1.21E-07
rs6904596,CHR6:27491299:G:A,6,27491299,NA,NA,0.1712,-1.322823965,0.03471,-2.002915365,0.0004414,3.347899056,0.6439,-0.124332079,1.39E-05,4.126925462,0.374146571,0.879992364,0.42,0.797951927,0.8103,-0.229688203,0.970775822,0.433869578,0.037795901,0.174074336,0.252817217,0.621574795,0.496402762,1.26E-09,4.75E-05,1.19E-06,1.01E-08,0.001012644,2.75E-07,3.27E-10,0.002460903,4.09E-10,8.37E-10
rs13016086,CHR2:28315770:T:C,2,28315770,BRE BRE BRE BRE,intron[NM_199194.1] intron[NM_199192.1] intron[NM_199191.1] intron[NM_004899.3],0.0001093,-3.871679898,0.009354,-2.539581683,0.3139,1.434813881,0.2731,1.727561523,2.33E-07,4.769394632,0.693540736,-0.39017907,0.25,-1.118918765,0.01443,2.334111711,0.374381164,7.47E-06,0.100675234,0.48675237,0.049579679,0.728274762,0.308074791,4.76E-07,0.000106277,1.12E-08,3.80E-06,1.24E-06,5.74E-09,1.89E-09,0.000244573,3.41E-09,5.36E-09
rs2891403,CHR12:113137572:A:G,12,113137572,NA,NA,0.4136,-0.784799979,0.4368,0.753938312,0.0005452,-3.729095483,0.0004808,-3.770442591,0.709,0.972316823,0.000812979,3.315406165,0.85,-0.17537405,3.13E-05,-4.034435424,0.627398448,0.029505377,0.925679145,0.00030314,0.588337742,5.66E-08,0.01347649,0.243447606,0.000132959,9.17E-09,4.53E-07,1.08E-06,3.91E-09,2.28E-08,0.001320295,4.01E-09,7.90E-09
rs10181515,CHR2:227019461:C:T,2,227019461,NA,NA,0.05632,1.859425214,7.43E-08,5.126780522,5.34E-07,-5.117652988,0.6325,0.587751648,1.22E-06,4.889730127,0.354492015,0.91680501,0.97,-0.0488542,9.71E-05,-3.736850379,5.16E-06,0.000710168,0.969008599,0.104127353,0.338660846,2.08E-08,0.376950352,0.835107163,0.000172671,4.22E-11,1.66E-07,1.19E-11,1.20E-11,2.56E-08,2.93E-06,1.19E-11,2.33E-11
rs2746150,CHR6:29442701:C:T,6,29442701,NA,NA,0.2566,-1.099163361,0.6917,-0.389728112,0.0004667,3.46495122,0.1839,1.591450615,7.17E-07,4.521752988,0.433707812,0.775161905,0.16,1.361510481,0.839,-0.190817892,0.313032953,0.918172431,0.004411945,0.779826515,0.221220496,0.435771893,0.509061618,6.08E-09,0.00017937,1.27E-06,4.86E-08,0.000559769,2.88E-07,8.89E-10,0.000617022,1.41E-09,2.19E-09
rs884742,CHR6:160807432:C:A,6,160807432,SLC22A3,intron[NM_021977.2],0.1364,-1.467491574,0.3323,0.929298779,0.5968,0.681891745,4.83E-05,-4.188027935,1.52E-07,-5.42977235,0.081108178,-1.72713696,0.01,-2.528923274,2.66E-05,3.939466151,0.001598242,0.108354704,1.40E-06,0.333608008,0.079879053,0.562162477,0.000120451,0.012374515,0.00021578,2.03E-10,1.12E-05,8.58E-09,2.70E-10,9.50E-09,1.67E-05,2.73E-10,4.05E-10
rs3135316,CHR6:28864849:A:G,6,28864849,NA,NA,0.2995,-1.000183974,0.3431,-0.911427648,0.0001024,3.772502944,0.9195,0.160900338,6.91E-05,3.849058701,0.554261043,0.585568147,0.26,1.087399927,0.8188,-0.225512054,0.87661787,0.902788743,0.036095256,0.446519559,0.445702004,0.445940893,0.84364056,2.16E-09,0.000271491,1.02E-05,1.73E-08,0.002795684,1.33E-06,1.53E-09,0.004278983,2.41E-09,3.92E-09
rs6737205,CHR2:28329313:A:C,2,28329313,BRE BRE BRE BRE,intron[NM_199194.1] intron[NM_199193.1] intron[NM_004899.3] intron[NM_199191.1],0.003417,2.903759924,0.03429,1.996636633,0.1672,-1.491638193,0.2638,-1.568497001,1.37E-06,-5.284675274,0.206290544,-1.251401836,0.63,-0.475685628,0.8415,-0.196430183,0.175728485,0.027546191,0.0030361,0.12462223,0.053107634,0.509213856,0.89061196,2.06E-07,0.000283114,8.41E-08,1.65E-06,1.68E-05,6.34E-08,3.00E-09,3.09E-05,5.68E-09,8.63E-09
rs889139,CHR19:33889369:A:G,19,33889369,PEPD,intron[NM_000285.2],0.01767,2.317141757,2.04E-05,4.135890169,1.03E-06,-4.723520945,0.4033,-0.680554539,7.26E-06,4.761428171,0.009392609,2.571873469,0.052,-1.899885541,0.07637,-1.676884503,4.79E-05,0.004132993,0.020796802,0.77244088,0.269685372,1.66E-07,0.367870892,0.705222576,0.000313632,9.91E-10,1.33E-06,7.85E-10,5.22E-10,2.10E-06,0.000112446,5.25E-10,1.05E-09
rs2066717,CHR9:107591478:G:A,9,107591478,ABCA1,intron[NM_005502.2],0.2241,1.179652469,0.6171,-0.48252052,3.82E-06,-4.828601986,0.0787,-1.784804428,0.01495,-2.785815634,0.501687901,0.665228825,0.8,0.249951719,0.7065,-0.359332393,0.774588784,0.715645795,0.056535209,0.142431365,0.246236851,0.365158835,0.014828855,5.76E-08,0.00032179,1.42E-06,4.60E-07,0.00109875,6.93E-07,2.80E-09,0.000208142,2.81E-09,5.55E-09
rs11082770,CHR18:47175670:A:C,18,47175670,NA,NA,0.01102,-2.419799937,0.2004,-1.229649066,7.91E-08,-5.509345664,0.5808,0.513033422,0.07289,-2.227878938,0.027832043,2.178011789,0.39,0.845342331,0.7054,-0.365145348,0.366679821,0.153456902,0.287982484,0.001685319,0.838503941,0.068077515,0.291784795,3.11E-10,0.000326915,2.98E-09,2.49E-09,1.10E-05,1.19E-09,1.96E-12,1.28E-05,1.96E-12,3.82E-12
rs2249105,CHR2:65287896:A:G,2,65287896,CEP68,intron[NM_015147.2],0.05707,1.875344951,0.001223,3.181061204,0.0001625,-4.489120657,0.07031,-1.701386348,2.35E-06,4.754719572,0.038826943,2.045695095,0.00035,3.629169115,0.468,0.707872824,3.92E-07,0.014994585,0.275948046,0.011339319,0.036791781,0.393668747,0.392326759,0.414488691,0.000334845,2.87E-07,3.14E-06,2.89E-09,2.67E-07,0.000312225,0.000258682,2.91E-09,5.93E-09
rs4495895,CHR11:49278398:G:A,11,49278398,NA,NA,0.0911,-1.649863593,0.6656,0.428907129,1.24E-07,-5.217130685,0.9836,0.458065555,0.6117,0.25319955,0.040435499,2.029117704,0.79,0.260555731,0.3359,0.918086083,0.020392804,0.269287233,0.825031791,0.016790785,0.661280066,0.040671896,0.947697087,8.07E-05,0.00033498,0.00013138,0.000645686,0.001043795,8.26E-05,1.18E-08,4.43E-05,1.49E-08,3.07E-08
rs7694958,CHR4:89737457:C:T,4,89737457,FAM13A1,intron[NM_001015045.1],0.2935,-1.028414973,7.02E-06,-4.289071286,3.92E-06,4.661369354,0.00928,-2.601409659,0.008951,-3.206032346,0.129600251,-1.500778307,3.10E-06,-4.652780916,0.06609,1.753461707,1.25E-07,0.00239917,0.007835039,0.781034218,0.060221135,0.278954099,0.853915531,0.029542091,0.000369706,1.18E-08,9.98E-07,1.09E-10,7.61E-09,1.60E-05,4.17E-05,1.09E-10,2.16E-10
rs12454712,CHR18:60845884:T:C,18,60845884,BCL2,intron[NM_000633.2],0.822,-0.215093328,1.31E-05,4.289071286,0.005565,-2.610366838,0.7097,0.046263099,0.0003693,3.889267291,0.000375934,3.521448878,1.00E-04,3.722224733,1.46E-05,-4.134387653,0.000207083,1.23E-05,0.001513756,0.023931394,0.231100034,0.000346232,0.919307303,0.63023163,0.000444981,1.67E-10,9.83E-05,8.59E-11,1.49E-10,5.11E-06,0.000166467,8.73E-11,1.72E-10
rs907868,CHR2:20371167:C:T,2,20371167,NA,NA,0.04594,-1.90559245,0.2792,1.036525561,0.0004187,3.936267454,0.007724,2.86920183,0.001943,3.651904394,0.177769059,-1.334402503,0.28,1.046875706,0.03997,-1.95975132,0.672230167,0.983167905,2.41E-05,0.035944391,0.971272341,0.729592092,0.057181435,3.11E-07,0.000486139,7.00E-08,2.49E-06,1.10E-05,1.45E-08,4.80E-10,0.004823345,8.54E-10,1.33E-09
rs3829461,CHR15:58853109:A:G,15,58853109,LIPC,reference[NM_000236.1],0.8642,0.159015424,0.6252,0.48252052,2.99E-07,5.348170552,0.7644,0.136670377,0.09102,1.961980957,0.344176318,-0.936643416,0.81,0.236128631,0.1402,-1.40557822,0.220123464,0.224306167,0.096194609,0.121045945,0.992917755,0.439818892,0.323796328,2.64E-08,0.000486281,5.72E-06,2.11E-07,0.00141685,2.39E-06,1.16E-08,2.56E-05,1.28E-08,2.45E-08
rs13211507,CHR6:28257377:T:C,6,28257377,PGBD1,intron[NM_032507.2],0.2148,-1.193767969,0.3567,-0.892207753,1.09E-05,4.226308214,0.54,-0.49012066,0.0002002,3.627302232,0.344796206,0.935439625,0.31,0.977083992,0.681,-0.39185817,0.790133245,0.901355708,0.048124357,0.213879604,0.432149197,0.573515205,0.72915859,3.18E-10,0.000493856,1.67E-06,2.55E-09,0.001278993,2.23E-07,1.32E-10,0.001848942,1.53E-10,2.85E-10
rs10885402,CHR10:114761697:A:C,10,114761697,TCF7L2,intron[NM_030756.2],4.27E-06,-4.537124881,0.0118,2.46621599,0.3833,-0.877434231,0.3665,-0.672065294,0.6847,-0.060479037,0.417428436,-0.802915997,0.0027,-2.873776448,2.45E-07,4.924332689,0.682680968,0.000348672,0.008529789,0.371195382,0.962446874,0.069579725,3.50E-10,0.827657501,0.000633976,4.63E-10,2.80E-09,6.77E-08,1.00E-10,8.16E-10,3.27E-05,1.00E-10,2.01E-10
rs2077737,CHR15:58478950:T:C,15,58478950,NA,NA,0.4292,-0.746681123,0.5141,-0.632268267,0.001571,-3.35954548,0.4177,-0.72112606,7.83E-05,-4.656885836,0.842852123,0.196296856,0.94,-0.079223026,0.8101,-0.224491637,0.282586013,0.576716006,0.499337062,0.22613216,0.37117705,0.558419063,0.604088966,4.53E-10,0.000742106,3.32E-06,3.62E-09,0.001922267,6.57E-07,4.38E-10,0.000374455,4.54E-10,8.82E-10
rs9905800,CHR17:46149680:G:A,17,46149680,CBX1,intron[NM_006807.3],0.7017,-0.36780959,0.07661,1.700310403,5.71E-06,-5.082619029,0.03151,-2.075059531,0.000664,3.454283449,0.04196636,-2.013850669,0.032,2.212265643,4.86E-06,4.412663745,3.46E-05,0.031716346,0.003408797,0.147990594,0.000116682,0.821569027,0.467126517,0.863558798,0.000808035,1.65E-07,0.000276573,1.52E-08,1.04E-07,3.48E-05,7.66E-05,1.56E-08,3.17E-08
rs3741378,CHR11:65408937:C:T,11,65408937,SIPA1 SIPA1 SIPA1,reference[NM_153253.28] reference[NM_006747.2] missense[NM_006747.2],0.08752,1.662297348,0.1962,1.261976744,2.35E-05,-4.474914579,0.01143,-2.8734525,0.001066,3.156635442,0.001842635,3.083857329,6.20E-05,3.90833597,0.1239,-1.46293717,0.000473889,0.003610928,0.879797058,7.55E-05,0.047654232,0.159875831,0.002301095,0.802606864,0.000941274,2.11E-08,0.000604091,2.44E-08,1.99E-08,3.47E-06,0.000517592,2.61E-08,4.90E-08
rs10805455,CHR5:53302302:T:G,5,53302302,ARL15,intron[NM_019087.1],0.6744,-0.403299989,0.0002931,-3.424339172,9.42E-08,5.524585901,0.09264,-1.432979897,0.0002359,-3.539735325,0.168330945,-1.36403811,0.015,2.442709981,0.0002384,3.505724057,0.00073866,0.127663916,0.968363173,0.113795557,0.297410274,4.10E-11,0.350797106,0.079256304,0.000948318,1.42E-10,3.28E-10,4.23E-09,5.25E-11,1.77E-09,1.20E-05,5.25E-11,1.05E-10
rs2777800,CHR9:107563269:T:C,9,107563269,ABCA1,intron[NM_005502.2],0.9752,-0.024197999,0.4323,-0.76635612,3.07E-07,-5.005836648,0.2759,-0.761533986,0.01662,-2.801134337,0.401601453,-0.830515306,0.26,-1.089824453,0.1077,1.534839564,0.770980006,0.059460692,0.012134226,0.681119488,0.36923094,0.460831731,0.287892875,2.59E-08,0.001322324,1.84E-06,2.07E-07,0.000662713,6.86E-07,4.12E-09,0.000104123,4.12E-09,8.29E-09
rs4823054,CHR22:30198025:C:T,22,30198025,ASCC2,missense[NM_032204.3],0.1867,1.25260232,0.4413,0.733974875,0.0002373,-3.966892876,2.98E-07,-5.797140183,0.2729,1.286187516,0.031021302,-2.135585598,0.99,0.021474373,0.2711,-1.046049888,0.535797621,0.683432963,0.000384816,0.372563924,5.43E-06,0.002697362,0.003622693,0.753801166,0.001372984,2.62E-08,4.34E-05,1.69E-06,1.54E-08,1.74E-07,1.89E-06,1.57E-08,3.16E-08
rs355838,CHR2:165619163:T:G,2,165619163,COBLL1,intron[NM_014900.3],0.1775,1.290559966,1.56E-07,4.825205197,4.10E-07,-5.426721807,3.05E-05,4.659181077,0.0001211,3.96226631,0.112651819,1.570783724,1.70E-07,5.02500339,7.80E-06,-4.308791103,1.53E-09,7.84E-05,1.85E-06,0.285989958,0.110375764,0.019283946,0.476673804,0.004069061,0.001423556,1.10E-16,1.23E-08,9.62E-18,1.28E-16,5.14E-11,6.15E-06,0,0
rs2811300,CHR1:178590394:T:C,1,178590394,NA,NA,0.5496,-0.574702485,0.989,0,0.0001651,-4.412762988,0.2629,0.975889528,0.2885,-2.03827222,0.180646904,1.325599133,0.44,0.749855157,0.3581,0.876730854,0.191121863,0.519134705,0.877342316,0.131377282,0.893157407,0.775602185,0.843108406,4.92E-08,0.001471131,0.000221077,3.93E-07,0.008210542,3.57E-05,1.49E-07,0.000966942,1.67E-07,3.30E-07
rs1373656,CHR15:58670435:A:C,15,58670435,NA,NA,0.08694,1.638018419,0.9383,0.071484521,0.0004058,-3.480489117,0.633,-0.546360687,3.32E-06,-4.743882604,0.639812365,-0.463358656,0.39,-0.831250561,0.282,-1.033596913,0.331918307,0.459220315,0.088813533,0.476527561,0.383273351,0.543905179,0.118950056,1.19E-10,0.001560226,1.51E-07,9.51E-10,0.000463816,4.21E-08,1.95E-11,0.000269593,1.95E-11,3.87E-11
rs12292911,CHR11:47449072:G:A,11,47449072,NA,NA,0.0003579,3.629699905,0.01838,-2.240273841,0.01431,2.727566982,0.5814,-0.654379365,0.3725,-1.056604349,0.067714454,-1.808934787,0.61,-0.502500339,1.82E-07,5.047441006,0.35383471,0.243017652,0.000104529,0.182939176,0.550625007,5.13E-09,0.516559265,0.080077825,0.001609604,3.82E-09,4.11E-08,6.50E-06,1.78E-09,1.03E-08,1.97E-05,2.14E-09,4.34E-09
rs1144036,CHR11:116584421:T:C,11,116584421,NA,NA,0.1015,1.568030359,0.5748,0.538627557,0.0617,1.891358232,0.2963,0.699943558,5.27E-06,5.417193727,0.917413275,0.102672816,0.11,1.578366449,0.09835,-1.597062789,0.049944916,0.110285853,0.08719629,0.347497866,0.973912723,0.944941232,0.146770668,1.30E-08,0.001824103,1.26E-06,1.04E-07,0.000256336,4.29E-07,2.97E-09,1.76E-05,4.66E-09,7.83E-09
rs2425019,CHR20:33819415:A:G,20,33819415,MMP24,intron[NM_006690.3],0.7062,-0.36296999,0.2006,-1.250979125,0.0001043,3.889958425,0.0008558,3.172148186,0.07118,-1.935329178,0.871394202,-0.160295739,4.70E-07,4.885419962,0.05158,-1.877401838,0.271584701,0.20183708,4.03E-08,0.89348318,0.429627652,1.52E-05,0.927281866,0.934868151,0.00226061,9.91E-08,3.23E-07,6.67E-06,1.45E-08,5.22E-06,1.38E-05,1.53E-08,2.94E-08
rs13072457,CHR3:53102389:G:A,3,53102389,NA,NA,0.002699,3.011306588,0.001033,3.136383378,6.15E-07,-5.335475076,0.1678,1.509746677,0.1232,2.387143159,0.843908418,-0.194960171,1.40E-05,4.342595522,0.3194,-0.954089458,1.09E-06,0.009336642,0.483226193,0.482143281,0.00387294,0.854324191,0.088800346,0.006467007,0.002296447,4.82E-08,8.72E-06,3.15E-09,3.75E-08,8.56E-06,2.70E-05,3.19E-09,6.24E-09
rs204993,CHR6:32155581:A:G,6,32155581,PBX2,intron[NM_002586.4],0.07387,-1.732067323,0.4137,0.814253377,0.04943,2.367679672,0.02898,2.320865481,8.59E-06,4.721790168,0.355007063,-0.915823438,0.23,1.167734528,0.005908,-2.650248496,0.237795089,0.918234357,3.61E-05,0.126382494,0.810220614,0.147104204,0.552561808,4.76E-07,0.002414235,2.23E-07,3.81E-06,4.06E-05,7.34E-08,3.17E-09,0.000293204,3.77E-09,7.97E-09
rs6810027,CHR3:52524574:C:A,3,52524574,NISCH,intron[NM_007184.3],0.4113,-0.787241579,0.01056,-2.523953488,1.07E-06,5.114188091,0.01669,-2.492106733,0.03094,-2.140083508,0.237121228,-1.170585873,1.20E-07,-5.123733131,0.08682,1.631995126,2.93E-06,0.036027671,0.003096102,0.415503002,0.032179727,0.794234195,0.302604545,0.001154306,0.002564702,1.69E-08,2.34E-05,4.74E-09,1.72E-08,1.70E-06,4.21E-06,4.94E-09,9.58E-09
rs2862954,CHR10:101912064:T:C,10,101912064,ERLIN1 ERLIN1 ERLIN1,reference[NM_001100626.1] reference[NM_006459.3] missense[NM_006459.3],0.7017,0.36296999,0.4756,-0.679102954,1.29E-06,-4.85513608,0.5875,-0.349473953,0.01393,-2.509880028,0.773771994,-0.284617485,0.1,1.591251073,0.8969,0.123108317,0.391188224,0.597091109,0.606751555,0.27353693,0.064196051,0.896057728,0.056358987,2.41E-08,0.002625751,7.42E-06,1.93E-07,0.002378628,2.38E-06,6.72E-09,0.000187912,6.72E-09,1.35E-08
rs12546815,CHR8:9184099:G:A,8,9184099,NA,NA,0.04238,1.935839949,0.006532,2.669946876,1.96E-07,-5.329100553,7.99E-06,-4.594366359,7.54E-08,5.450091665,0.002508142,-2.992632585,0.013,2.418282881,0.00015,-3.630840439,0.000567477,0.056620987,0.217850452,0.704241194,1.16E-10,8.13E-06,6.12E-05,0.018375077,0.002819151,3.48E-18,9.29E-10,2.54E-14,3.82E-18,2.75E-15,1.47E-05,0,0
rs157845,CHR5:55796639:T:C,5,55796639,NA,NA,0.001277,-3.226399915,6.35E-05,-3.860164158,0.0005399,3.227521237,0.2227,1.331556462,0.0001075,-3.919041586,0.001802415,-3.090299377,1.10E-05,4.386907721,0.156,1.353475743,0.007016753,0.001582653,5.64E-05,0.368129636,0.004588475,5.01E-08,0.438587744,0.315933885,0.003112753,7.87E-13,4.01E-07,8.62E-11,9.27E-13,3.81E-10,0.000138999,9.27E-13,1.53E-12
rs12034581,CHR1:219694903:C:A,1,219694903,NA,NA,0.2605,-1.088909971,1.97E-05,-4.289071286,0.02516,2.678860429,0.01585,-2.627394884,0.08017,-2.09975656,0.207563281,-1.247899145,5.70E-07,-4.99903438,0.1336,1.431134188,1.83E-05,0.000759377,0.003701595,0.941046585,0.052879959,0.793044664,0.286026054,0.089614907,0.003764557,3.32E-07,0.000146395,1.46E-08,2.42E-07,8.57E-05,7.88E-06,1.54E-08,2.86E-08
rs16940571,CHR15:58882792:C:T,15,58882792,NA,NA,0.6776,-0.405901925,0.6268,-0.469822611,5.57E-06,-5.132842537,0.8429,0.046479282,0.0187,-2.449400991,0.203557616,-1.258977274,0.82,-0.214958478,0.05465,-1.824302921,0.844420926,0.375839312,0.98975279,0.682081688,0.077104044,0.022368322,0.03515294,1.15E-08,0.003785643,7.49E-07,9.16E-08,0.000773498,2.04E-07,4.02E-10,6.25E-05,4.05E-10,8.07E-10
rs737338,CHR19:11347657:C:T,19,11347657,DOCK6,intron[NM_020812.2],0.06073,-1.885558392,0.1463,1.395597811,7.15E-07,5.469340042,0.02122,2.518217987,0.5235,0.426454747,0.065222967,-1.825592331,0.18,-1.332387262,0.7851,-0.260206216,0.109036883,0.674877203,0.032094735,0.002816242,0.378818349,0.697692287,5.82E-05,0.00020737,0.004149157,1.64E-07,0.000465661,2.78E-05,1.46E-07,3.14E-08,1.53E-05,3.35E-08,7.13E-08
rs2628191,CHR17:28051140:T:G,17,28051140,SSH2,intron[NM_033389.2],0.001984,2.964254922,0.3904,-0.85369015,0.4269,1.056577053,0.5991,-0.688608439,0.08493,1.592400172,0.001455708,-3.152062983,0.19,1.279514752,0.0622,-1.779247909,0.945715624,0.380245493,0.924065477,0.008859832,0.014012295,0.199970692,0.001165948,0.007305945,0.005235363,7.43E-05,0.009289609,0.002037722,6.02E-05,4.35E-08,0.014118752,4.35E-08,9.09E-08
rs902169,CHR12:124583446:G:A,12,124583446,NA,NA,0.2195,-1.179652469,0.007709,-2.573442772,5.57E-08,5.732570311,0.0506,-1.774252375,0.0001364,-3.931137394,0.366453209,-0.894254625,5.30E-07,-4.745836535,0.03298,2.031287234,1.02E-07,0.037291041,0.014271807,0.518970086,0.01503396,0.198189509,0.049689475,0.06227278,0.005484341,4.85E-09,8.12E-07,1.81E-10,6.91E-09,9.75E-06,4.79E-06,1.81E-10,3.62E-10
rs1341267,CHR13:95284980:C:A,13,95284980,NA,NA,0.7399,0.332722491,0.3812,-0.822071997,0.8591,-0.672699577,0.8869,-0.430121788,8.30E-07,5.564071388,0.032910789,-2.11219024,0.065,-1.786667872,0.4009,-0.800204062,0.139505262,0.114081012,0.57074694,0.057818151,0.778981752,0.01393849,0.019223552,9.80E-07,0.007231487,5.82E-07,7.84E-06,0.000249846,5.28E-07,1.24E-08,9.27E-06,1.24E-08,2.51E-08
rs7192,CHR6:32411646:T:G,6,32411646,HLA-DRA,missense[NM_019111.3],0.06557,1.814849952,0.07309,-1.751370775,2.26E-06,-4.7571164,0.01036,-2.703425725,0.0001241,-3.43722526,0.096152003,-1.647438542,1.60E-06,-4.614007742,0.02329,2.146701282,0.243687497,0.020176154,1.96E-09,0.391158508,0.953327619,0.152404977,0.01422002,6.24E-07,0.010025667,5.52E-13,1.56E-08,2.98E-09,2.58E-13,2.32E-13,4.99E-05,2.36E-13,4.55E-13
rs10744777,CHR12:112233018:T:C,12,112233018,ALDH2,intron[NM_000690.2],0.9986,0,0.8398,-0.199663663,0.01461,-2.375571937,1.56E-07,-5.253827351,0.02179,2.765619955,6.24E-06,4.473636366,0.89,-0.132038377,0.118,-1.503413692,0.389983084,0.062443348,0.070515804,1.79E-07,0.6472095,0.000191755,0.008253062,0.065637608,0.011057671,6.14E-10,1.43E-06,1.90E-07,6.63E-10,7.54E-09,2.24E-05,6.73E-10,1.22E-09
rs6124298,CHR20:39617398:G:A,20,39617398,LOC100128988,intron[XM_001721091.1],0.001057,-3.042034206,0.02635,-2.123090287,0.07712,-2.150109107,2.79E-07,-4.998149588,0.7545,0.110878234,0.001680089,3.11073445,0.57,-0.554561185,0.3741,0.84184364,0.450408943,0.13054574,0.099253281,1.75E-09,0.904696602,0.011119213,0.336266875,0.979773418,0.012423991,2.37E-07,1.40E-08,1.85E-06,5.85E-08,1.38E-06,6.64E-05,7.26E-08,2.91E-08
rs636202,CHR6:139843583:T:C,6,139843583,NA,NA,0.01931,2.29880994,0.02039,2.287504686,1.04E-07,-5.520076035,0.04598,2.364655395,6.12E-06,4.76083418,0.001126807,3.22475722,5.80E-06,4.544576709,0.4298,0.75322852,1.29E-10,0.031380882,0.285961108,0.06020341,0.975783099,0.586075087,0.130406434,0.168653832,0.016852764,1.30E-08,1.03E-09,1.96E-12,4.21E-09,7.83E-05,1.23E-05,1.96E-12,3.77E-12
rs308971,CHR3:12116620:G:A,3,12116620,SYN2,intron[NM_133625.3],0.00525,2.621449931,2.78E-06,4.472141402,0.00327,-3.082718933,0.02359,2.578739423,3.51E-05,4.27673189,0.012927763,2.461305731,0.00015,3.712919171,0.5542,-0.56000903,4.39E-08,0.000170677,0.186410847,0.976119545,0.842205575,0.918417852,0.711632012,0.865554587,0.017269804,2.32E-06,3.51E-07,2.48E-10,2.32E-07,0.001317846,7.29E-05,2.48E-10,4.92E-10
rs17156442,CHR11:61614023:C:T,11,61614023,FADS2,intron[NM_004265.2],0.01467,2.391331702,0.2811,-1.033001676,6.86E-05,4.7681426,0.01857,2.415594684,8.24E-06,-5.462211957,0.335759395,0.95311125,0.11,1.512153798,0.108,-1.524064979,0.001664653,0.004793384,0.025038,0.192223983,0.11243748,4.85E-06,0.967436014,0.021112149,0.017751565,7.30E-09,3.88E-05,7.14E-08,9.44E-09,2.88E-06,1.45E-05,1.30E-08,1.88E-08
rs17696407,CHR5:173387335:C:A,5,173387335,CPEB4,near-gene-3[NM_030627.1],0.003144,2.81835522,0.02453,-2.171342339,0.07892,1.949853847,0.707,0.397862654,0.1686,-0.818281368,0.000557479,3.417554695,1.10E-06,-4.776855074,0.009728,2.466670307,0.176085727,0.934892308,0.000304451,0.963281223,5.39E-10,0.224557954,0.343911962,0.584304202,0.019701405,1.64E-08,4.31E-09,1.43E-07,2.72E-09,1.51E-07,2.32E-05,2.72E-09,5.40E-09
rs4149290,CHR9:107611827:T:C,9,107611827,ABCA1,intron[NM_005502.2],0.4783,-0.686343255,0.2017,1.216790876,1.81E-06,4.663512512,0.7314,-0.465242619,0.09522,2.049267364,0.338374468,-0.947966189,0.19,1.285636832,0.01231,-2.394577464,0.332347195,0.101174132,0.013222529,0.397315978,0.206498715,0.886556106,0.226120212,1.72E-07,0.02092517,3.83E-06,1.38E-06,0.000822118,2.19E-06,2.94E-08,0.000388748,3.08E-08,5.94E-08
rs17134601,CHR10:5261175:A:G,10,5261175,AKR1C4,near-gene-3[NM_001818.2],0.2981,-0.989429307,0.2241,1.168207574,0.08189,1.672442823,0.4085,0.910601144,1.07E-07,5.813187421,0.890963157,0.135737467,0.081,1.656074563,0.1439,-1.394438439,0.031907513,0.575503799,0.006521218,0.908942816,0.762879642,0.256251624,0.693640772,6.93E-09,0.027205542,5.61E-07,5.54E-08,0.000105976,1.27E-07,8.88E-10,3.02E-06,8.88E-10,1.76E-09
rs17199964,CHR4:102707791:G:A,4,102707791,NA,NA,0.4715,-0.693239982,0.9313,-0.083916612,1.84E-07,5.312325495,0.5487,1.006936346,0.2538,-1.523116796,0.005902402,2.726077365,0.023,2.226267324,4.17E-07,-4.82496669,0.011869254,0.000319848,4.40E-07,0.313545181,0.233623105,0.643457881,0.809450231,0.104609598,0.031214127,6.59E-08,3.52E-06,6.26E-08,3.86E-08,6.28E-06,2.70E-05,3.93E-08,8.32E-08
rs2845885,CHR11:63869062:C:T,11,63869062,MACROD1,intron[NM_014067.2],0.2835,1.040152809,0.003399,2.757260113,2.95E-06,-4.571594833,0.3375,1.109424708,5.43E-06,4.736530764,0.788854797,0.265164042,8.30E-07,4.885419962,6.18E-05,-3.816357834,1.83E-06,0.006331814,0.00097613,0.860022558,0.001248312,0.028466186,0.016004628,0.926049956,0.044086852,1.94E-10,1.46E-05,2.90E-11,1.76E-10,8.51E-06,1.38E-05,2.94E-11,5.73E-11
rs7600932,CHR2:27474869:G:A,2,27474869,NA,NA,5.23E-05,-3.923999897,0.4657,-0.715998191,0.2174,1.243031828,0.3855,-0.766374784,4.55E-07,5.279819915,0.739600593,0.329113338,0.7,0.371291917,0.06563,-1.756391958,0.505255566,0.125568695,0.003571984,0.073161866,0.795976356,0.001830514,0.88534215,8.39E-09,0.047774223,3.61E-09,6.72E-08,1.41E-05,1.46E-09,1.08E-11,3.15E-05,1.61E-11,3.02E-11
rs3131622,CHR6:31420500:T:G,6,31420500,NA,NA,0.9981,0,0.1992,-1.250979125,0.863,0.02762293,0.03221,-2.346369497,8.23E-07,5.616774549,0.376005015,0.876574423,0.94,0.055833371,0.739,-0.307770793,0.143822608,0.689422105,0.688274737,0.07626732,0.893040572,0.114725827,0.016509697,1.48E-08,0.048293219,6.77E-07,1.19E-07,0.000489966,2.45E-07,7.43E-10,7.34E-06,9.84E-10,1.95E-09
rs745578,CHR8:72466324:G:A,8,72466324,LOC100132809,intron[XM_001715796.1],0.4774,-0.706319981,0.03335,-2.020554676,0.0003411,4.190793019,0.07035,-2.152371734,0.0007738,-3.646885921,0.098262198,-1.637076937,1.30E-07,-5.080836761,0.5854,0.520412432,6.05E-07,0.098423339,0.009144308,0.144523915,0.133409284,0.746215302,0.358990487,0.25234282,0.051344644,2.48E-06,4.84E-06,2.54E-08,2.03E-06,0.000917806,5.23E-06,2.63E-08,5.09E-08
rs6505081,CHR17:26737888:C:T,17,26737888,NA,NA,0.5715,-0.557287258,0.6447,-0.464649389,0.0006939,3.920877536,0.005665,-3.010852515,0.02164,2.289309423,0.06850479,1.80375364,0.6,-0.530417024,0.04018,-1.969733076,0.11509656,0.127831923,0.654907395,0.059255372,0.457909498,0.154958541,0.659812817,2.11E-08,0.056970032,2.08E-06,1.68E-07,0.000599553,9.91E-07,6.07E-09,0.005066588,6.07E-09,1.21E-08
rs1808192,CHR17:45794706:A:G,17,45794706,NA,NA,0.08641,-1.66697329,0.7187,-0.342433917,0.02212,-2.524310788,1.96E-05,-4.61804866,0.06198,2.258414559,0.024114425,-2.233117922,0.17,-1.337062305,1.52E-05,4.125033835,0.40763088,0.000485356,8.93E-06,0.06701143,0.008442427,0.219274487,0.578554183,0.031659356,0.057275825,4.40E-08,7.15E-05,6.80E-06,5.54E-08,1.60E-06,0.000304253,5.91E-08,1.00E-07
rs2586886,CHR2:26932031:C:T,2,26932031,KCNK3,intron[NM_002246.1],0.8027,-0.241979994,0.5072,-0.643360693,0.1647,1.193310555,0.01352,-2.742026398,0.003151,-3.081762685,0.001936209,3.069355354,0.19,-1.284167533,1.21E-07,5.098415544,0.15046613,0.566021766,7.23E-05,0.000149929,0.028061664,0.01258897,0.013509735,0.282514161,0.061996139,1.73E-08,0.00057844,1.27E-06,2.84E-08,5.76E-06,1.56E-05,5.43E-08,4.94E-08
rs12572599,CHR10:113992861:T:G,10,113992861,NA,NA,0.1957,-1.248107336,0.7685,-0.271417792,1.61E-07,5.263178665,0.0003719,3.662144882,1.18E-06,-5.139206154,0.151777599,1.419184535,0.89,-0.146562599,0.2456,-1.113104368,0.000657322,0.270985185,0.000627973,0.342198702,0.004223728,0.012824679,0.001990939,0.040681728,0.071803369,3.42E-09,0.005012759,6.81E-08,8.49E-09,2.57E-06,3.00E-05,8.50E-09,6.74E-09
rs3779500,CHR7:106792704:T:C,7,106792704,PRKAR2B,intron[NM_002736.2],0.5112,-0.638415302,0.3226,-0.965041039,4.26E-05,3.842098376,7.39E-05,-4.144402644,0.1376,1.763737493,0.792723739,-0.260190955,0.82,-0.207890211,0.04622,1.885462501,0.130816833,0.576671102,0.065445607,0.045348728,0.436120873,0.312971637,0.503171944,5.41E-09,0.080829311,4.78E-07,4.33E-08,0.000361881,2.27E-07,8.00E-10,0.001741198,8.00E-10,1.58E-09
rs8030477,CHR15:73085815:C:T,15,73085815,NA,NA,0.125,1.480348196,0.007233,-2.562350346,0.00794,2.526378201,0.4109,-1.071168683,5.76E-06,-4.906361862,0.618985732,0.492397746,0.0014,-3.168921056,9.46E-08,-5.175212517,5.34E-07,0.058724096,0.659276034,0.161505644,0.077628963,0.111980765,0.000937017,0.045024822,0.083920978,1.70E-08,4.27E-06,2.36E-09,2.13E-08,5.40E-06,1.09E-05,2.38E-09,4.93E-09
rs6547847,CHR2:28577854:A:G,2,28577854,NA,NA,0.1114,-1.548671959,0.1167,-1.544065663,0.5565,-1.093868008,0.5323,-0.717078039,1.53E-05,4.910738635,0.248405192,1.142881724,0.67,-0.411403786,0.0003991,-3.395436014,0.302946383,0.630789086,0.033878749,0.205982876,0.55769521,6.13E-05,0.002249624,0.00025804,0.084050683,1.95E-07,0.000490229,7.91E-05,1.92E-07,2.64E-08,0.00014136,5.15E-08,7.73E-08
rs2269928,CHR11:61537529:T:G,11,61537529,C11orf9,intron[NM_013279.1],0.4644,0.702216452,0.4762,-0.679915278,0.07632,1.243031828,9.59E-08,5.515823155,1.32E-06,-4.35819345,0.24977892,-1.13956758,0.32,0.958648445,0.7865,-0.258399228,0.30952682,0.916007137,0.004004677,0.001613917,0.221314997,0.000414568,0.405530974,4.64E-06,0.095707967,5.71E-09,3.71E-05,7.67E-06,4.61E-09,5.07E-10,6.98E-06,5.38E-10,1.03E-09
rs9935025,CHR16:68307447:T:C,16,68307447,SLC7A6,intron[NM_003983.4],0.005552,-2.66177993,0.7435,-0.321680346,1.50E-07,5.703322503,0.1269,-1.747369763,0.7652,-0.665269405,0.87429973,-0.156643444,0.41,-0.804657406,0.0001096,3.631695358,0.012519616,0.106485924,0.376630865,0.127756766,0.557608043,0.020870511,1.11E-05,1.58E-05,0.105242352,2.79E-09,8.84E-05,2.27E-06,3.41E-09,5.15E-10,5.46E-06,5.16E-10,1.03E-09
rs9276931,CHR6:32928984:A:G,6,32928984,NA,NA,0.01446,-2.304571368,0.159,1.347415791,0.006066,2.967491855,0.1473,1.588481491,3.31E-06,4.564184361,0.002927321,2.946007314,4.50E-06,4.497688219,0.127,-1.465208811,0.038711168,0.069327195,2.15E-07,0.00680148,0.773725101,0.642558785,0.068505798,7.90E-07,0.11634413,7.55E-12,1.72E-06,1.26E-08,5.41E-12,4.75E-12,8.48E-05,5.47E-12,9.41E-12
rs3738182,CHR1:221057662:G:A,1,221057662,HLX,coding-synonymous[NM_021958.2],0.1291,-1.476077961,0.6963,-0.380167682,0.01869,2.913897866,9.19E-07,5.015608987,0.02131,-2.66107762,0.000928995,3.278626385,0.00013,-3.722224733,0.07342,1.732425596,0.143886618,0.385874862,0.311861716,0.396583095,3.58E-11,0.405003218,0.000237672,0.046266332,0.125555835,5.37E-11,2.86E-10,1.65E-08,2.29E-11,4.25E-10,6.17E-05,2.29E-11,4.56E-11
rs929641,CHR2:58792377:A:G,2,58792377,NA,NA,0.9596,0.060494998,0.02749,2.144535643,0.003531,-2.954028579,0.1075,1.801134987,0.0003734,3.689221246,0.089217472,-1.682826689,0.00075,3.35000226,1.11E-07,5.108995165,1.30E-06,0.078637806,0.442639673,0.94259894,0.026683198,0.005498298,0.023612117,0.589304194,0.191183807,4.95E-07,1.04E-05,1.71E-08,3.46E-07,0.000102109,1.49E-05,1.88E-08,3.45E-08
rs9483083,CHR6:130416949:C:A,6,130416949,L3MBTL3,intron[NM_032438.1],0.8145,0.235439994,0.003719,2.774492988,0.006605,-3.107579569,0.004013,2.914575255,0.0003881,3.838092722,0.42005086,0.798402741,2.50E-05,4.152606968,8.78E-05,-3.763352864,4.19E-05,0.011756836,1.39E-05,0.689449479,0.099910361,0.063666294,0.316255627,0.667621729,0.210293898,6.33E-08,0.000111029,8.15E-09,5.08E-08,1.21E-05,0.000380632,8.74E-09,1.60E-08
rs6485702,CHR11:46898771:T:C,11,46898771,LRP4,reference[NM_002334.2],0.04595,1.907371715,0.08539,-1.654356068,6.88E-08,5.57983176,0.0004681,-3.455123046,2.40E-07,-5.616774549,0.298754359,1.028888714,0.21,-1.214753072,0.4721,-0.693883243,1.06E-07,0.018883119,0.077576089,0.396090884,0.394157451,0.01066494,0.751688685,0.804956552,0.214862334,7.79E-07,8.47E-07,2.07E-09,3.65E-07,0.00052135,5.01E-06,2.16E-09,5.35E-09
rs9884830,CHR4:26027797:C:T,4,26027797,NA,NA,0.3429,-0.921828547,0.1036,-1.554788341,2.87E-07,5.391995839,0.001928,-3.166661938,2.16E-06,-4.853442705,0.441050134,-0.762843686,0.0028,-2.97373389,0.7798,0.272596988,3.10E-08,0.743236396,0.071251263,0.88063651,0.613082983,0.379914123,0.107419147,0.296442639,0.231267815,1.89E-05,2.48E-07,1.74E-08,5.50E-06,0.002973178,2.13E-05,1.75E-08,3.57E-08
rs966773,CHR8:19749287:A:G,8,19749287,NA,NA,0.1685,1.317446632,0.7325,0.321680346,8.87E-08,-5.052756402,0.2725,-0.795725308,3.06E-06,4.740044511,0.81950142,0.225942226,0.24,-1.135530045,0.495,0.645413457,0.000353146,0.414288976,0.018137637,0.91627662,0.954237073,0.005307048,0.009336361,0.449147053,0.246178504,5.95E-05,0.002821682,4.96E-08,3.85E-05,0.000589405,8.63E-05,9.74E-08,1.49E-07
rs2606738,CHR3:11396562:T:C,3,11396562,ATG7,intron[NM_006395.1],0.166,-1.349221783,0.8897,-0.142969043,2.99E-05,4.233411253,0.7857,0.157051048,0.0004422,-4.255767518,2.36E-05,-4.185984389,0.076,1.758751186,0.04766,1.850355313,0.003257474,0.184435748,0.41042783,0.097745656,0.001819344,2.47E-05,0.001239313,0.838640674,0.258096314,1.59E-08,0.000197396,3.05E-07,1.82E-08,5.26E-06,0.00028784,1.86E-08,3.22E-08
rs7651090,CHR3:185513392:A:G,3,185513392,IGF2BP2,intron[NM_006548.4],1.32E-06,-4.701325591,0.6176,0.465881881,0.03851,1.800716377,0.5635,0.820591723,0.1366,-1.91264954,0.126653275,1.512408372,8.40E-05,-3.961151321,0.002416,2.89032983,0.069991079,0.004976069,0.523272858,0.234695177,0.001089411,0.120294151,5.39E-08,0.593079338,0.262648856,3.60E-09,4.31E-07,3.42E-07,2.91E-09,2.57E-08,3.04E-05,2.91E-09,5.74E-09
rs12204488,CHR6:43764359:C:T,6,43764359,NA,NA,0.0005279,3.311305176,0.166,1.326931429,0.0009898,-3.828538029,0.3918,1.087182833,6.80E-05,4.068378285,0.0003685,3.526645826,1.00E-06,4.885419962,0.0001453,-3.604337954,6.79E-06,1.30E-05,0.007334843,0.08986498,0.665062438,0.577850263,2.42E-05,0.646296372,0.29270142,2.06E-11,5.43E-05,4.38E-12,1.30E-11,6.09E-08,1.38E-05,4.38E-12,8.69E-12
rs2853933,CHR6:31254088:T:C,6,31254088,NA,NA,0.4442,0.733272708,0.005372,-2.653862858,0.1212,-1.867084541,0.5093,-0.412876339,7.37E-08,-5.265536568,0.285504913,-1.057530479,0.023,-2.220645437,7.08E-05,3.791250217,0.060343161,0.00610894,0.000281408,0.930056859,0.441129342,0.013592576,0.636727771,1.13E-07,0.339397569,1.09E-09,9.04E-07,6.96E-06,6.43E-10,7.38E-11,3.35E-05,8.43E-11,1.47E-10
rs205283,CHR6:34553048:A:G,6,34553048,NA,NA,0.1626,1.349221783,0.001178,3.136383378,9.37E-08,5.011904329,0.1436,1.410603954,0.9917,-0.509134749,0.143062376,1.450075382,0.013,2.388427537,1.09E-06,-4.65118611,0.305245341,9.30E-08,0.000107519,0.190579132,0.986193139,0.681776645,0.137772642,0.039246379,0.348317054,2.64E-08,7.44E-07,3.17E-08,1.13E-08,1.94E-06,5.72E-05,1.15E-08,2.24E-08
rs1045241,CHR5:118729286:C:T,5,118729286,TNFAIP8,utr-3[NM_001077654.1],0.9345,-0.080659998,0.08726,1.672737802,0.0003976,-3.544234339,0.0007464,3.74180353,4.06E-05,4.017877065,0.084794178,1.70656951,4.40E-07,5.017458339,0.7934,-0.252553092,3.14E-07,0.343130618,0.000206921,0.276355936,0.545197303,0.490872877,0.781641604,0.404003652,0.351480552,1.96E-06,2.51E-06,7.25E-09,6.68E-07,0.000556677,7.19E-06,7.36E-09,1.42E-08
rs4791641,CHR17:8161149:C:T,17,8161149,PFAS,reference[NM_012393.1],0.01563,-2.329057439,0.6559,0.428907129,0.09514,1.199160116,1.31E-07,5.430287572,0.459,-0.846706516,0.049041829,1.948866978,0.027,2.155332336,0.02861,-2.062064314,0.649403165,0.561324644,1.10E-08,0.867558546,0.043090388,0.562230332,0.052301386,0.041535349,0.351978019,8.80E-07,8.81E-08,9.57E-06,2.87E-07,2.04E-06,1.03E-05,3.01E-07,1.87E-07
rs932764,CHR10:95895940:A:G,10,95895940,PLCE1,intron[NM_016341.3],0.6219,0.483959987,0.7999,-0.250195825,0.4644,-0.877434231,0.003328,-2.795791621,0.06914,-2.142558819,2.44E-07,-5.111551865,0.024,2.177501469,0.3632,-0.861758221,0.210920338,0.578620654,0.544569191,0.167605999,3.06E-09,0.346699873,0.152820699,0.280394405,0.373909386,1.92E-06,2.45E-08,1.42E-05,7.44E-07,7.39E-06,3.65E-06,8.41E-07,5.07E-08
rs876954,CHR8:8310923:G:A,8,8310923,NA,NA,0.8713,0.146654542,0.005334,2.716411815,0.05914,1.562668583,0.03862,-2.043078492,2.28E-06,5.0775709,0.009759569,-2.558817611,0.87,0.167500113,0.006674,-2.56411542,0.320034792,0.171120447,0.749214561,0.05434723,0.003049219,0.003699565,0.858973073,3.41E-10,0.422596851,2.62E-10,2.72E-09,4.94E-06,1.03E-10,2.35E-13,7.26E-05,2.36E-13,4.80E-13
rs492400,CHR2:219349752:C:T,2,219349752,USP37,intron[NM_020935.1],0.6909,-0.39321749,0.004758,-2.716411815,0.004932,2.983276386,0.09054,-1.91280122,2.25E-06,-5.100398772,0.577395483,-0.551712801,0.2,-1.228334162,4.17E-07,4.86277853,0.000459977,0.020112946,0.002027183,0.163206801,0.478141706,9.19E-06,0.081730884,0.218499166,0.473607934,4.57E-09,7.35E-05,2.52E-08,7.34E-09,8.76E-06,3.34E-05,7.60E-09,9.29E-09
rs267738,CHR1:150940625:T:G,1,150940625,LASS2 LASS2 LASS2,reference[NM_181746.2] reference[NM_022075.3] missense[NM_022075.3],0.0009589,3.226399915,0.3051,-0.994284707,5.11E-06,-4.806389733,4.73E-05,4.398592673,0.7198,0.535460741,0.566463487,-0.56762957,0.0069,-2.559029504,0.6586,0.426829495,0.015399878,0.250762162,0.193340948,0.000190093,0.006077382,0.734561105,0.00185895,2.61E-05,0.495131972,8.52E-10,0.000208535,5.52E-06,1.25E-09,8.26E-10,0.000226653,8.42E-10,1.66E-09
rs233810,CHR4:103211903:C:T,4,103211903,SLC39A8,intron[NM_022154.5],0.03524,2.035113793,0.3473,0.906553704,1.27E-07,5.432958622,0.8559,-0.265241769,1.52E-05,-4.113312053,0.000716794,3.349803364,0.22,1.215397161,5.23E-06,-4.293402563,0.000738094,2.97E-08,0.018418348,0.590175471,0.112887108,0.181362677,0.872107346,0.793752802,0.49738299,3.84E-08,2.38E-07,9.08E-10,1.44E-08,2.69E-05,1.79E-05,9.18E-10,1.80E-09
rs2478236,CHR10:94797973:G:A,10,94797973,EXOC6,intron[NM_019053.3],0.1637,1.361137464,0.9843,-0.035742261,2.44E-07,-5.654019056,1.35E-05,5.053931008,2.24E-07,5.283021746,0.495721603,0.674536947,0.06,1.814584557,0.8427,0.184662476,1.12E-08,0.37164548,0.049991682,0.220753615,0.201466571,0.692740439,0.006896102,0.197657528,0.514832464,8.14E-08,8.93E-08,3.42E-10,5.07E-08,6.56E-05,6.81E-06,3.42E-10,6.88E-10
rs8099878,CHR19:46019601:G:T,19,46019601,VASP,intron[NM_003370.3],0.3872,-0.825578802,0.545,-0.585917774,0.389,-0.939179603,0.006635,2.800743681,0.0002301,-4.285117639,0.56516919,-0.569523668,0.39,0.837500565,0.006078,-2.623746011,0.176423865,0.878548559,0.002929672,0.223920719,0.787093527,0.920594167,0.732414461,1.02E-07,0.527409049,1.16E-05,8.18E-07,0.000913914,2.36E-06,2.59E-08,0.001433046,2.60E-08,5.26E-08
rs2225642,CHR6:127208090:C:T,6,127208090,NA,NA,0.771,-0.272227493,0.1024,1.572659472,0.1792,-1.15678064,0.806,0.394109233,0.06772,1.825952197,0.000104016,-3.842853806,5.60E-08,5.329549049,0.3302,0.928981841,0.012661795,0.657133214,0.074170841,0.460155088,4.47E-08,0.01400083,0.489041547,0.438749087,0.587345578,2.60E-07,3.57E-07,1.11E-06,1.41E-07,4.38E-06,1.45E-06,2.15E-07,3.46E-07
rs12044597,CHR1:1708801:A:G,1,1708801,NADK,intron[NM_023018.3],0.03258,2.056829946,0.008899,2.50195825,0.002566,3.352634415,0.3685,-0.811430412,0.5461,-1.027254228,0.001795138,3.091483636,0.41,0.809583879,1.35E-06,-4.647338975,0.171686056,1.57E-08,0.095158073,0.801294843,0.383287138,0.300899422,0.991345693,0.29797037,0.637020777,1.38E-05,1.26E-07,1.00E-06,3.81E-06,0.000548274,0.000114907,1.04E-06,2.61E-07
rs12539763,CHR7:72762429:C:T,7,72762429,FKBP6,intron[NM_003602.3],0.9415,0.065994544,0.6075,0.495561615,0.06183,2.175305698,0.01836,2.352745501,5.41E-08,-5.860032632,0.165992622,-1.371573389,0.77,-0.284982831,0.002469,2.906644629,0.035913868,0.528840083,0.583116792,0.068395361,0.655960732,6.59E-05,0.000317068,4.23E-05,0.642126666,7.46E-09,0.00033874,5.96E-06,6.11E-09,8.14E-10,2.44E-06,8.17E-10,1.62E-09
rs6800180,CHR3:170747810:A:G,3,170747810,NA,NA,6.61E-08,5.264126178,0.7604,-0.302757973,0.9712,0.480638973,0.01698,-2.601409659,0.0001368,-4.228407236,0.440733529,-0.763370052,0.36,-0.894280264,0.111,-1.519475804,0.017432436,0.001615157,0.001083096,0.080617987,0.395431333,0.127997972,0.001478709,0.01410601,0.648535426,3.11E-08,0.00863199,9.35E-06,7.94E-08,9.39E-07,1.83E-06,7.96E-08,6.08E-08
rs312956,CHR2:21342092:T:C,2,21342092,NA,NA,0.715,-0.36296999,0.669,-0.428907129,8.05E-08,-6.049421561,1.55E-07,5.432355465,1.80E-05,4.618870441,0.967276937,0.040620313,0.73,0.335000226,0.7559,0.307770793,4.64E-07,0.014113498,0.040684329,0.124962754,0.108772315,0.108425471,0.05702043,0.037858507,0.675564223,1.27E-08,3.71E-06,1.11E-09,2.56E-08,1.50E-05,1.11E-06,2.09E-09,3.04E-09
rs7938117,CHR11:68598054:G:A,11,68598054,CPT1A,intron[NM_001876.2],0.8019,0.248893708,0.321,0.931763762,5.16E-06,5.165487817,0.2046,0.892640569,0.0004374,-4.419289619,0.061097479,1.854370503,0.00057,3.432997811,0.1199,-1.47450189,0.012509377,0.000436573,0.001531214,0.317461688,0.995079262,0.000200308,0.022042339,0.356503269,0.702857956,4.52E-08,0.001601338,2.14E-07,4.95E-08,2.75E-06,5.47E-05,6.47E-08,1.13E-07
rs7200543,CHR16:15129970:A:G,16,15129970,PDXDC1 NTAN1,reference[NM_015027.1] near-gene-3[NM_173474.2],0.6507,0.427023518,0.5756,-0.532436436,0.0002626,3.735814574,0.5039,0.770858892,2.66E-07,-5.66378007,0.674066577,-0.416436714,0.54,0.597106884,1.03E-05,4.278946662,0.010473992,0.626989157,0.212322638,0.980103298,0.54112739,7.75E-09,0.000749198,0.019496486,0.714984813,1.94E-09,6.20E-08,2.81E-07,7.75E-10,2.01E-09,5.95E-06,1.37E-09,1.98E-09
rs7833945,CHR8:10700266:T:G,8,10700266,NA,NA,0.8063,-0.241979994,0.00373,-2.787896336,0.9483,0.369358029,0.0838,1.935548046,1.27E-06,-5.165621263,0.015306106,2.401203722,0.00052,-3.35000226,0.005961,2.64682882,0.015356863,0.074346096,0.131872887,0.535410081,1.82E-06,0.065660151,0.511556654,2.05E-06,0.733060399,3.41E-10,1.46E-05,1.86E-07,3.16E-10,1.68E-10,5.07E-05,1.75E-10,3.28E-10
rs615632,CHR8:9796321:C:T,8,9796321,NA,NA,0.2225,1.173236333,0.001512,-3.067451875,0.5814,-0.170472936,0.1065,1.544335301,1.98E-06,-5.075055176,0.015791561,2.389963613,0.0045,-2.714122201,1.94E-05,4.047652248,0.072855279,0.092350149,0.006618277,0.401386516,5.07E-06,0.000808438,0.991995879,8.57E-07,0.738976254,4.83E-12,6.85E-06,2.71E-08,4.11E-12,1.62E-12,7.34E-05,1.63E-12,3.14E-12
rs740746,CHR10:115792787:G:A,10,115792787,NA,NA,0.1002,1.595759958,0.8655,-0.155651781,1.82E-07,-4.847824128,0.539,-0.781515927,0.003736,3.147236032,0.000352572,-3.538111129,0.044,-1.979880721,0.1287,-1.444764037,0.055064384,0.149544068,0.042245988,0.002960726,0.033166935,0.000528234,0.000194261,0.989185372,0.758506002,3.92E-08,0.001553028,2.60E-06,5.95E-08,6.04E-06,0.000193292,6.00E-08,8.01E-08
rs1382567,CHR8:11350899:T:C,8,11350899,BLK,near-gene-5[NM_001715.2],0.9893,0,0.0001196,-3.931648679,0.1772,-0.966013306,0.1438,1.397895811,1.69E-06,-5.106921021,0.014222899,2.427472697,0.084,-1.702917815,0.00717,2.616051741,0.053711247,0.042568886,0.248501253,0.082483973,0.00015623,0.009929722,0.320164556,4.01E-08,0.7999053,4.71E-11,3.21E-07,3.46E-07,6.77E-11,4.00E-12,6.45E-05,4.04E-12,7.88E-12
rs9600212,CHR13:74563867:A:G,13,74563867,KLF12,intron[NM_007249.4],0.7087,-0.345685705,0.09498,-1.60155747,0.7632,-5.303602465,0.7161,-4.205752856,0.000785,8.816194141,0.378350805,-0.872275765,0.67,0.417481342,0.9439,-0.067460871,5.27E-05,0.020367181,0.067133641,0.017989851,0.010837588,4.23E-05,7.98E-07,5.02E-08,0.819385848,2.85E-20,4.01E-07,1.86E-14,9.78E-20,3.46E-19,1.08E-13,0,0
rs3760626,CHR19:45457105:A:G,19,45457105,CLPTM1,near-gene-5[NM_001294.1],0.4472,0.733272708,0.007098,-2.644927293,0.0002813,-3.295253002,0.02498,2.278667926,8.00E-06,-4.15453955,0.670076358,-0.421852915,0.0067,-2.605557313,0.4685,-0.691714857,0.216760054,0.091810158,0.604291094,0.091104909,0.059699525,0.654622903,0.010256702,1.36E-10,0.821055927,1.47E-09,1.09E-09,4.90E-06,7.15E-10,7.05E-13,0.002242161,7.05E-13,1.42E-12
rs17727392,CHR19:44967487:G:A,19,44967487,NA,NA,0.3404,-0.919523976,0.1554,-1.362410879,0.1924,-1.227163336,2.26E-05,4.257130396,0.001398,-3.548103494,0.904916584,-0.118278044,1,0,0.6101,0.477044729,0.679073407,0.108832333,0.050916441,0.249114369,0.112893829,0.117241827,0.627132063,1.62E-07,0.849159475,3.83E-06,1.29E-06,0.001208274,2.55E-06,2.67E-08,0.001167358,2.91E-08,5.43E-08
rs7033354,CHR9:16904846:C:T,9,16904846,NA,NA,0.7442,-0.322639992,0.02972,2.067945084,6.54E-05,-4.375472033,1.42E-06,4.947107998,4.44E-07,5.576522954,0.771078196,0.288103183,0.59,0.530417024,0.121,-1.445590089,4.77E-07,0.742501106,0.006310268,0.03662772,0.303535721,0.003274532,0.660955102,0.892397847,0.867375408,3.11E-07,3.82E-06,4.34E-09,1.40E-07,9.20E-05,8.78E-06,4.35E-09,8.72E-09
rs10235225,CHR7:25905599:G:A,7,25905599,NA,NA,0.1181,-1.508816431,0.4491,-0.732100099,0.7596,0.220983436,1.48E-06,5.051808696,1.90E-06,-5.04654363,0.072658252,1.777317917,6.60E-06,-4.342595522,0.1197,-1.47450189,0.01711463,0.424860718,0.089738401,0.027957388,2.78E-07,0.137177273,0.102232367,4.09E-09,0.931925348,4.93E-14,3.28E-08,2.68E-09,5.15E-14,4.68E-15,4.19E-05,4.66E-15,1.42E-14
rs2447196,CHR15:43893818:G:A,15,43893818,STRC,intron[NM_153700.2],0.7826,0.263978175,0.5793,-0.542835585,0.001939,3.162599011,0.1297,1.453728927,1.91E-07,-5.699892954,0.286237158,1.055924472,0.86,-0.162847332,0.001007,3.16829707,0.01268797,0.994934998,0.490911009,0.786992641,0.041746885,6.12E-06,0.002692545,0.001491157,0.938228684,5.24E-08,4.90E-05,4.91E-06,3.35E-08,2.61E-08,5.06E-06,2.79E-08,5.25E-08
rs12602912,CHR17:65870073:C:T,17,65870073,BPTF,intron[NM_182641.3],0.5933,0.521187679,0.3392,-0.934883507,0.0001145,3.504165914,0.0007394,-3.243445547,1.29E-07,-5.865729023,0.415741627,-0.805826833,0.011,-2.49951719,3.35E-05,-4.017218773,1.33E-08,0.049504249,0.535273567,0.389532023,0.545282289,0.20489868,0.337938569,0.169878046,0.991653601,2.92E-06,1.06E-07,2.49E-09,1.33E-06,0.001576244,2.37E-06,2.55E-09,5.11E-09
