rsID,SNP,CHR,BP,gene,feature,p.fGLU,Z.fGLU,p.fINSULIN,Z.fINSULIN,p.HDL,Z.HDL,p.LDL,Z.LDL,p.TG,Z.TG,p.SBP,Z.SBP,p.WHR,Z.WHR,p.BMI,Z.BMI,p.PC1,p.PC2,p.PC3,p.PC4,p.PC5,p.PC6,p.PC7,p.PC8,p.PCLC,p.PCFisher,p.PCMinP,p.WI,p.Wald,p.VC,p.tates,p.PCAQ,p.PCO
rs355838,CHR2:165619163:T:G,2,165619163,COBLL1,intron[NM_014900.3],0.1775,1.290559966,1.56E-07,4.825205197,4.10E-07,-5.426721807,3.05E-05,4.659181077,0.0001211,3.96226631,0.112651819,1.570783724,1.70E-07,5.02500339,7.80E-06,-4.308791103,1.53E-09,7.84E-05,1.85E-06,0.285989958,0.110375764,0.019283946,0.476673804,0.004069061,0.001423556,1.10E-16,1.23E-08,9.62E-18,1.28E-16,5.14E-11,6.15E-06,0,0
rs8321,CHR6:30032522:A:C,6,30032522,ZNRD1,utr-3[NM_014596.4],0.1119,-1.555585673,0.2959,-1.00443047,1.69E-05,4.474914579,0.1914,1.591450615,1.05E-06,4.735816104,0.31949846,0.985696772,0.11,1.553723726,0.3868,-0.830411195,0.621057945,0.913305279,0.000208076,0.573924205,0.148585015,0.421665012,0.674119917,1.71E-11,3.05E-06,1.25E-09,1.37E-10,1.28E-05,1.50E-10,9.30E-14,0.000277996,9.44E-14,1.82E-13
rs5754352,CHR22:21964951:C:T,22,21964951,UBE2L3,intron[NM_003347.2],0.0521,-1.884896793,0.9093,-0.12063013,6.57E-08,5.33674998,0.03332,2.127034957,0.009108,2.638526115,0.287907073,1.052268705,0.57,-0.55559678,0.000593,-3.277089879,0.211599511,0.373982175,2.42E-05,0.360861648,0.020544426,0.212180107,0.271669812,1.09E-07,3.69E-05,2.04E-09,8.74E-07,4.28E-06,1.54E-09,7.13E-11,2.69E-05,7.13E-11,1.40E-10
rs308971,CHR3:12116620:G:A,3,12116620,SYN2,intron[NM_133625.3],0.00525,2.621449931,2.78E-06,4.472141402,0.00327,-3.082718933,0.02359,2.578739423,3.51E-05,4.27673189,0.012927763,2.461305731,0.00015,3.712919171,0.5542,-0.56000903,4.39E-08,0.000170677,0.186410847,0.976119545,0.842205575,0.918417852,0.711632012,0.865554587,0.017269804,2.32E-06,3.51E-07,2.48E-10,2.32E-07,0.001317846,7.29E-05,2.48E-10,4.92E-10
rs2269928,CHR11:61537529:T:G,11,61537529,C11orf9,intron[NM_013279.1],0.4644,0.702216452,0.4762,-0.679915278,0.07632,1.243031828,9.59E-08,5.515823155,1.32E-06,-4.35819345,0.24977892,-1.13956758,0.32,0.958648445,0.7865,-0.258399228,0.30952682,0.916007137,0.004004677,0.001613917,0.221314997,0.000414568,0.405530974,4.64E-06,0.095707967,5.71E-09,3.71E-05,7.67E-06,4.61E-09,5.07E-10,6.98E-06,5.38E-10,1.03E-09
rs10744777,CHR12:112233018:T:C,12,112233018,ALDH2,intron[NM_000690.2],0.9986,0,0.8398,-0.199663663,0.01461,-2.375571937,1.56E-07,-5.253827351,0.02179,2.765619955,6.24E-06,4.473636366,0.89,-0.132038377,0.118,-1.503413692,0.389983084,0.062443348,0.070515804,1.79E-07,0.6472095,0.000191755,0.008253062,0.065637608,0.011057671,6.14E-10,1.43E-06,1.90E-07,6.63E-10,7.54E-09,2.24E-05,6.73E-10,1.22E-09
rs11717195,CHR3:123082398:T:C,3,123082398,ADCY5,intron[NM_183357.1],2.68E-07,4.963692177,0.1198,-1.491427061,0.000477,3.468361978,0.03773,2.60821073,0.4521,-0.773375683,0.504902142,-0.660238547,0.26,1.096240577,0.0001335,-3.610068221,0.217522005,0.001285955,0.035979074,0.000189672,0.28945637,0.002280159,0.000106499,0.340124488,1.78E-06,1.18E-09,0.000851677,1.69E-07,2.18E-09,4.71E-08,8.51E-06,2.18E-09,2.33E-09
rs6485702,CHR11:46898771:T:C,11,46898771,LRP4,reference[NM_002334.2],0.04595,1.907371715,0.08539,-1.654356068,6.88E-08,5.57983176,0.0004681,-3.455123046,2.40E-07,-5.616774549,0.298754359,1.028888714,0.21,-1.214753072,0.4721,-0.693883243,1.06E-07,0.018883119,0.077576089,0.396090884,0.394157451,0.01066494,0.751688685,0.804956552,0.214862334,7.79E-07,8.47E-07,2.07E-09,3.65E-07,0.00052135,5.01E-06,2.16E-09,5.35E-09
rs6810027,CHR3:52524574:C:A,3,52524574,NISCH,intron[NM_007184.3],0.4113,-0.787241579,0.01056,-2.523953488,1.07E-06,5.114188091,0.01669,-2.492106733,0.03094,-2.140083508,0.237121228,-1.170585873,1.20E-07,-5.123733131,0.08682,1.631995126,2.93E-06,0.036027671,0.003096102,0.415503002,0.032179727,0.794234195,0.302604545,0.001154306,0.002564702,1.69E-08,2.34E-05,4.74E-09,1.72E-08,1.70E-06,4.21E-06,4.94E-09,9.58E-09
rs9287442,CHR2:136522710:A:G,2,136522710,UBXD2,intron[NM_014607.3],0.9043,-0.104639997,0.00635,-2.646080269,0.003171,3.160852362,6.87E-06,4.509110076,0.8653,0.089098581,0.166093709,-1.371247303,0.38,-0.859833913,0.0002389,-3.505241706,0.09363905,0.524866894,1.72E-05,0.000322404,0.032581114,0.667103365,0.061838699,0.231216724,4.52E-08,4.84E-07,0.000137333,5.64E-06,4.98E-07,8.19E-06,0.000461325,5.11E-07,9.41E-08
